city_id,city,country,latitude,longitude,timezone,data_source,ingested_at,feature_pipeline_version,timestamp,pm2_5,pm10,co,no,no2,o3,so2,nh3,temperature,feels_like,humidity,pressure,wind_speed,wind_direction,wind_gust,precipitation,rain,cloud_cover,visibility,dew_point,weather_condition,boundary_layer_height,aqi,dominant_pollutant,aqi_pm2_5,aqi_pm10,aqi_o3,aqi_no2,aqi_so2,aqi_co
karachi_pakistan,Karachi,Pakistan,24.861,67.001,Asia/Karachi,sample,2026-07-24 13:46:19.719188+00:00,1.0.0,2026-07-17 13:00:00+00:00,25.535,41.086,100.806,5.696,8.18,56.346,0.5,3.542,32.909,32.528,59.63,1007.713,2.8,152.985,3.81,0.0,0.0,27.919,10021.855,24.835,Clear,777.07,82.0,pm2_5,82.0,38.0,26.0,4.0,0.0,0.0
karachi_pakistan,Karachi,Pakistan,24.861,67.001,Asia/Karachi,sample,2026-07-24 13:46:19.719188+00:00,1.0.0,2026-07-17 14:00:00+00:00,24.905,42.248,65.553,7.19,10.975,68.429,4.303,1.054,36.754,36.708,73.937,1012.308,1.339,190.502,1.883,0.0,0.0,62.24,11097.81,31.541,Clouds,974.646,80.0,pm2_5,80.0,39.0,31.0,5.0,1.0,0.0
karachi_pakistan,Karachi,Pakistan,24.861,67.001,Asia/Karachi,sample,2026-07-24 13:46:19.719188+00:00,1.0.0,2026-07-17 15:00:00+00:00,18.806,34.578,53.59,0.549,1.279,70.063,6.023,0.5,37.287,37.256,64.829,1008.424,1.123,154.424,1.643,0.0,0.0,44.722,10096.949,30.252,Clear,1168.988,69.0,pm2_5,69.0,31.0,32.0,0.0,3.0,0.0
karachi_pakistan,Karachi,Pakistan,24.861,67.001,Asia/Karachi,sample,2026-07-24 13:46:19.719188+00:00,1.0.0,2026-07-17 16:00:00+00:00,19.655,37.771,162.282,7.286,10.793,58.357,6.152,1.913,37.424,37.307,59.071,1006.183,1.47,150.794,2.609,7.011,7.011,73.677,9067.643,29.238,Rain,1278.654,71.0,pm2_5,71.0,34.0,27.0,5.0,3.0,1.0
karachi_pakistan,Karachi,Pakistan,24.861,67.001,Asia/Karachi,sample,2026-07-24 13:46:19.719188+00:00,1.0.0,2026-07-17 17:00:00+00:00,34.481,56.423,114.284,5.408,7.569,53.636,2.985,7.862,38.899,38.944,57.434,1009.432,0.64,130.983,1.131,0.0,0.0,50.465,9631.408,30.386,Clear,1590.573,98.0,pm2_5,98.0,51.0,25.0,4.0,1.0,0.0
karachi_pakistan,Karachi,Pakistan,24.861,67.001,Asia/Karachi,sample,2026-07-24 13:46:19.719188+00:00,1.0.0,2026-07-17 18:00:00+00:00,39.052,71.697,228.325,2.903,9.369,51.261,7.463,6.998,39.095,39.211,55.619,1008.175,0.254,139.664,0.4,0.0,0.0,24.37,9362.082,30.219,Clear,1833.101,110.0,pm2_5,110.0,59.0,24.0,4.0,3.0,1.0
karachi_pakistan,Karachi,Pakistan,24.861,67.001,Asia/Karachi,sample,2026-07-24 13:46:19.719188+00:00,1.0.0,2026-07-17 19:00:00+00:00,29.284,59.389,313.261,1.343,4.463,43.566,8.945,6.211,42.603,42.727,53.881,1008.844,0.186,167.104,0.257,0.0,0.0,36.002,9551.338,33.379,Clear,1681.435,88.0,pm2_5,88.0,53.0,20.0,2.0,4.0,2.0
karachi_pakistan,Karachi,Pakistan,24.861,67.001,Asia/Karachi,sample,2026-07-24 13:46:19.719188+00:00,1.0.0,2026-07-17 20:00:00+00:00,29.818,64.907,318.827,1.653,2.671,32.704,7.535,11.698,41.16,40.928,61.169,1009.338,2.077,187.206,2.89,0.0,0.0,48.587,10195.936,33.394,Clear,1886.841,90.0,pm2_5,90.0,55.0,15.0,1.0,3.0,2.0
karachi_pakistan,Karachi,Pakistan,24.861,67.001,Asia/Karachi,sample,2026-07-24 13:46:19.719188+00:00,1.0.0,2026-07-17 21:00:00+00:00,32.508,64.186,376.05,3.583,8.55,28.689,8.807,14.659,42.576,42.345,58.091,1011.705,2.028,82.126,3.443,0.0,0.0,65.155,8719.119,34.194,Clouds,2224.063,95.0,pm2_5,95.0,55.0,13.0,4.0,4.0,3.0
karachi_pakistan,Karachi,Pakistan,24.861,67.001,Asia/Karachi,sample,2026-07-24 13:46:19.719188+00:00,1.0.0,2026-07-17 22:00:00+00:00,20.964,31.215,256.292,11.133,14.372,26.484,7.381,5.961,40.543,40.429,57.152,1010.72,1.425,240.032,1.814,4.861,4.861,64.287,9277.995,31.973,Rain,1718.815,73.0,pm2_5,73.0,29.0,12.0,7.0,3.0,2.0
karachi_pakistan,Karachi,Pakistan,24.861,67.001,Asia/Karachi,sample,2026-07-24 13:46:19.719188+00:00,1.0.0,2026-07-17 23:00:00+00:00,30.487,42.961,105.427,1.619,4.601,15.8,7.133,1.456,39.993,39.798,61.363,1008.886,1.893,135.272,2.528,0.0,0.0,46.611,8817.298,32.265,Clear,1955.338,91.0,pm2_5,91.0,39.0,7.0,2.0,3.0,0.0
karachi_pakistan,Karachi,Pakistan,24.861,67.001,Asia/Karachi,sample,2026-07-24 13:46:19.719188+00:00,1.0.0,2026-07-18 00:00:00+00:00,28.183,59.708,50.0,1.856,4.012,13.094,5.496,5.973,40.01,40.053,67.568,1009.161,0.803,208.653,1.403,0.0,0.0,51.309,9833.866,33.524,Clear,1771.076,86.0,pm2_5,86.0,53.0,6.0,2.0,3.0,0.0
karachi_pakistan,Karachi,Pakistan,24.861,67.001,Asia/Karachi,sample,2026-07-24 13:46:19.719188+00:00,1.0.0,2026-07-18 01:00:00+00:00,17.802,23.762,50.0,0.677,1.0,14.759,2.439,3.726,37.866,37.72,57.752,1004.706,1.596,166.11,2.807,0.0,0.0,44.692,9730.133,29.416,Clear,1462.115,67.0,pm2_5,67.0,21.0,6.0,0.0,0.0,0.0
karachi_pakistan,Karachi,Pakistan,24.861,67.001,Asia/Karachi,sample,2026-07-24 13:46:19.719188+00:00,1.0.0,2026-07-18 02:00:00+00:00,10.845,15.009,50.0,0.313,1.0,6.533,5.765,7.902,36.768,36.417,57.341,1007.467,2.616,118.287,3.857,0.0,0.0,44.007,9725.422,28.236,Clear,1268.245,54.0,pm2_5,54.0,14.0,3.0,0.0,3.0,0.0
karachi_pakistan,Karachi,Pakistan,24.861,67.001,Asia/Karachi,sample,2026-07-24 13:46:19.719188+00:00,1.0.0,2026-07-18 03:00:00+00:00,10.626,18.529,50.0,0.775,1.107,15.216,2.268,8.927,37.036,36.859,62.655,1006.244,1.826,196.899,2.281,0.0,0.0,68.373,8313.154,29.567,Clouds,1293.46,54.0,pm2_5,54.0,17.0,6.0,0.0,0.0,0.0
karachi_pakistan,Karachi,Pakistan,24.861,67.001,Asia/Karachi,sample,2026-07-24 13:46:19.719188+00:00,1.0.0,2026-07-18 04:00:00+00:00,13.542,25.113,158.731,1.802,5.238,14.898,1.636,1.946,35.102,34.614,70.449,1008.139,3.497,169.163,5.874,0.0,0.0,33.788,8999.398,29.191,Clear,901.549,59.0,pm2_5,59.0,23.0,6.0,2.0,0.0,1.0
karachi_pakistan,Karachi,Pakistan,24.861,67.001,Asia/Karachi,sample,2026-07-24 13:46:19.719188+00:00,1.0.0,2026-07-18 05:00:00+00:00,10.956,14.542,117.79,4.86,8.931,11.907,5.152,5.372,34.994,34.615,66.475,1007.699,2.89,225.519,4.98,1.176,1.176,64.612,10177.593,28.289,Rain,831.791,54.0,pm2_5,54.0,13.0,6.0,4.0,1.0,1.0
karachi_pakistan,Karachi,Pakistan,24.861,67.001,Asia/Karachi,sample,2026-07-24 13:46:19.719188+00:00,1.0.0,2026-07-18 06:00:00+00:00,39.561,77.295,234.089,2.397,5.861,9.39,5.826,8.961,33.385,33.125,60.812,1008.825,2.212,248.117,3.736,0.0,0.0,57.692,11214.674,25.547,Clear,1035.955,111.0,pm2_5,111.0,62.0,4.0,3.0,3.0,2.0
karachi_pakistan,Karachi,Pakistan,24.861,67.001,Asia/Karachi,sample,2026-07-24 13:46:19.719188+00:00,1.0.0,2026-07-18 07:00:00+00:00,30.281,47.805,186.633,5.597,12.264,12.013,7.717,11.481,30.626,30.306,68.24,1009.29,2.624,251.676,4.003,0.0,0.0,48.919,9462.042,24.274,Clear,805.997,90.0,pm2_5,90.0,44.0,6.0,6.0,3.0,1.0
karachi_pakistan,Karachi,Pakistan,24.861,67.001,Asia/Karachi,sample,2026-07-24 13:46:19.719188+00:00,1.0.0,2026-07-18 08:00:00+00:00,38.227,67.523,196.862,8.925,12.273,23.433,10.514,13.264,32.321,32.013,72.461,1010.957,2.629,177.726,3.681,0.0,0.0,42.257,11331.2,26.813,Clear,788.026,108.0,pm2_5,108.0,57.0,10.0,6.0,6.0,1.0
karachi_pakistan,Karachi,Pakistan,24.861,67.001,Asia/Karachi,sample,2026-07-24 13:46:19.719188+00:00,1.0.0,2026-07-18 09:00:00+00:00,44.68,83.895,265.308,5.029,11.656,27.921,3.045,4.724,29.806,29.566,62.807,1007.04,2.143,86.978,2.676,0.0,0.0,49.366,9643.364,22.368,Clear,554.932,123.0,pm2_5,123.0,65.0,13.0,6.0,1.0,2.0
karachi_pakistan,Karachi,Pakistan,24.861,67.001,Asia/Karachi,sample,2026-07-24 13:46:19.719188+00:00,1.0.0,2026-07-18 10:00:00+00:00,44.954,86.906,202.32,5.597,8.316,34.037,6.435,13.808,30.794,30.25,75.571,1005.665,3.853,248.492,4.559,0.0,0.0,53.13,8559.409,25.908,Clear,614.564,124.0,pm2_5,124.0,66.0,16.0,4.0,3.0,1.0
karachi_pakistan,Karachi,Pakistan,24.861,67.001,Asia/Karachi,sample,2026-07-24 13:46:19.719188+00:00,1.0.0,2026-07-18 11:00:00+00:00,23.311,42.688,103.636,4.028,8.065,48.643,3.142,5.523,31.852,31.055,68.593,1006.528,5.018,179.247,8.465,0.0,0.0,38.036,10116.056,25.571,Clear,522.937,77.0,pm2_5,77.0,39.0,22.0,4.0,1.0,0.0
karachi_pakistan,Karachi,Pakistan,24.861,67.001,Asia/Karachi,sample,2026-07-24 13:46:19.719188+00:00,1.0.0,2026-07-18 12:00:00+00:00,18.341,32.192,100.93,2.849,5.535,38.63,2.496,6.07,30.8,30.084,63.121,1009.386,4.526,126.958,5.062,0.0,0.0,32.742,10387.028,23.424,Clear,581.505,68.0,pm2_5,68.0,30.0,18.0,2.0,0.0,0.0
karachi_pakistan,Karachi,Pakistan,24.861,67.001,Asia/Karachi,sample,2026-07-24 13:46:19.719188+00:00,1.0.0,2026-07-18 13:00:00+00:00,27.356,36.684,50.0,3.149,8.444,61.935,3.615,5.452,33.045,32.578,65.252,1011.6,3.315,161.903,4.04,0.0,0.0,44.385,10735.415,26.095,Clear,1018.311,85.0,pm2_5,85.0,33.0,29.0,4.0,1.0,0.0
karachi_pakistan,Karachi,Pakistan,24.861,67.001,Asia/Karachi,sample,2026-07-24 13:46:19.719188+00:00,1.0.0,2026-07-18 14:00:00+00:00,27.312,37.496,95.724,2.477,4.316,71.334,2.479,2.64,33.958,33.893,71.232,1007.958,1.397,217.81,1.644,0.0,0.0,42.495,10333.078,28.205,Clear,1022.075,85.0,pm2_5,85.0,34.0,33.0,2.0,0.0,0.0
karachi_pakistan,Karachi,Pakistan,24.861,67.001,Asia/Karachi,sample,2026-07-24 13:46:19.719188+00:00,1.0.0,2026-07-18 15:00:00+00:00,40.871,67.716,142.918,10.373,13.875,67.352,3.797,6.946,36.012,36.107,64.321,1003.459,0.49,120.224,0.741,0.0,0.0,22.958,9723.44,28.876,Clear,1649.095,114.0,pm2_5,114.0,57.0,31.0,7.0,1.0,1.0
karachi_pakistan,Karachi,Pakistan,24.861,67.001,Asia/Karachi,sample,2026-07-24 13:46:19.719188+00:00,1.0.0,2026-07-18 16:00:00+00:00,14.692,26.005,153.288,3.928,12.778,76.308,0.5,5.911,37.571,37.563,63.433,1008.724,0.993,229.398,1.617,3.86,3.86,35.093,10013.63,30.258,Rain,1139.682,61.0,pm2_5,61.0,24.0,35.0,6.0,0.0,1.0
karachi_pakistan,Karachi,Pakistan,24.861,67.001,Asia/Karachi,sample,2026-07-24 13:46:19.719188+00:00,1.0.0,2026-07-18 17:00:00+00:00,26.925,37.917,125.676,3.239,5.012,65.374,6.69,6.934,36.595,36.305,59.663,1007.302,2.345,179.756,4.145,0.0,0.0,56.612,10759.548,28.528,Clear,1320.922,84.0,pm2_5,84.0,34.0,31.0,2.0,3.0,1.0
karachi_pakistan,Karachi,Pakistan,24.861,67.001,Asia/Karachi,sample,2026-07-24 13:46:19.719188+00:00,1.0.0,2026-07-18 18:00:00+00:00,29.016,38.48,268.275,5.485,10.164,56.419,5.566,9.374,37.511,37.147,58.455,1006.972,2.697,225.633,3.915,0.0,0.0,36.692,11752.517,29.202,Clear,1318.383,88.0,pm2_5,88.0,35.0,26.0,5.0,3.0,2.0
karachi_pakistan,Karachi,Pakistan,24.861,67.001,Asia/Karachi,sample,2026-07-24 13:46:19.719188+00:00,1.0.0,2026-07-18 19:00:00+00:00,67.8,104.201,215.692,13.113,19.791,37.616,8.691,10.854,41.496,41.073,56.324,1009.715,2.961,215.548,4.13,0.0,0.0,73.665,10148.961,32.761,Clouds,1408.416,160.0,pm2_5,160.0,75.0,18.0,9.0,4.0,1.0
karachi_pakistan,Karachi,Pakistan,24.861,67.001,Asia/Karachi,sample,2026-07-24 13:46:19.719188+00:00,1.0.0,2026-07-18 20:00:00+00:00,50.029,87.406,288.579,4.746,9.719,34.699,1.82,15.866,39.132,38.406,47.196,1011.783,4.339,180.784,5.258,0.0,0.0,56.982,10308.967,28.571,Clear,1701.063,137.0,pm2_5,137.0,67.0,16.0,5.0,0.0,2.0
karachi_pakistan,Karachi,Pakistan,24.861,67.001,Asia/Karachi,sample,2026-07-24 13:46:19.719188+00:00,1.0.0,2026-07-18 21:00:00+00:00,53.624,109.652,255.104,3.931,6.511,22.795,3.573,12.632,40.013,39.417,62.677,1008.355,3.922,225.878,5.917,0.0,0.0,46.9,9457.265,32.548,Clear,1646.633,146.0,pm2_5,146.0,78.0,10.0,3.0,1.0,2.0
karachi_pakistan,Karachi,Pakistan,24.861,67.001,Asia/Karachi,sample,2026-07-24 13:46:19.719188+00:00,1.0.0,2026-07-18 22:00:00+00:00,26.759,29.504,262.646,1.491,3.487,6.269,4.967,15.359,40.043,39.466,48.672,1010.542,3.617,138.682,4.359,0.0,0.0,54.102,10111.797,29.778,Clear,1591.598,84.0,pm2_5,84.0,27.0,3.0,1.0,1.0,2.0
karachi_pakistan,Karachi,Pakistan,24.861,67.001,Asia/Karachi,sample,2026-07-24 13:46:19.719188+00:00,1.0.0,2026-07-18 23:00:00+00:00,17.601,38.565,275.157,5.765,12.167,16.39,3.674,11.691,42.529,41.814,55.275,1010.241,4.405,180.052,5.67,0.0,0.0,38.756,10777.077,33.584,Clear,1552.784,67.0,pm2_5,67.0,35.0,7.0,6.0,1.0,2.0
karachi_pakistan,Karachi,Pakistan,24.861,67.001,Asia/Karachi,sample,2026-07-24 13:46:19.719188+00:00,1.0.0,2026-07-19 00:00:00+00:00,20.04,33.456,72.284,0.476,1.0,8.702,0.5,0.5,39.645,39.392,54.785,1008.549,2.087,147.794,2.546,0.0,0.0,35.996,9423.097,30.602,Clear,1541.944,71.0,pm2_5,71.0,31.0,4.0,0.0,0.0,0.0
karachi_pakistan,Karachi,Pakistan,24.861,67.001,Asia/Karachi,sample,2026-07-24 13:46:19.719188+00:00,1.0.0,2026-07-19 01:00:00+00:00,9.892,10.539,52.133,3.633,6.725,20.818,0.5,0.5,38.976,38.817,68.125,1008.505,1.812,219.714,3.097,0.0,0.0,43.319,11803.209,32.601,Clear,1544.456,52.0,pm2_5,52.0,9.0,9.0,3.0,0.0,0.0
karachi_pakistan,Karachi,Pakistan,24.861,67.001,Asia/Karachi,sample,2026-07-24 13:46:19.719188+00:00,1.0.0,2026-07-19 02:00:00+00:00,23.114,45.057,50.0,1.926,5.256,8.457,0.912,2.929,38.194,38.127,67.159,1010.463,1.34,184.153,1.545,0.0,0.0,48.604,10213.471,31.626,Clear,1597.504,77.0,pm2_5,77.0,42.0,4.0,2.0,0.0,0.0
karachi_pakistan,Karachi,Pakistan,24.861,67.001,Asia/Karachi,sample,2026-07-24 13:46:19.719188+00:00,1.0.0,2026-07-19 03:00:00+00:00,20.068,44.874,131.265,0.743,1.01,2.972,4.861,2.9,37.873,37.519,69.584,1003.863,2.809,175.709,4.088,0.0,0.0,76.692,9444.248,31.789,Clouds,1334.236,71.0,pm2_5,71.0,41.0,1.0,0.0,1.0,1.0
karachi_pakistan,Karachi,Pakistan,24.861,67.001,Asia/Karachi,sample,2026-07-24 13:46:19.719188+00:00,1.0.0,2026-07-19 04:00:00+00:00,28.399,43.866,133.891,1.624,3.761,10.004,1.723,6.009,35.068,34.67,74.295,1006.976,3.101,126.173,4.414,0.0,0.0,25.975,9944.736,29.927,Clear,977.484,87.0,pm2_5,87.0,40.0,5.0,1.0,0.0,1.0
karachi_pakistan,Karachi,Pakistan,24.861,67.001,Asia/Karachi,sample,2026-07-24 13:46:19.719188+00:00,1.0.0,2026-07-19 05:00:00+00:00,32.032,73.855,169.278,1.709,4.578,19.461,4.762,2.092,35.302,34.914,56.946,1010.914,2.793,172.183,4.349,0.0,0.0,43.293,10441.114,26.691,Clear,831.099,94.0,pm2_5,94.0,60.0,8.0,2.0,1.0,1.0
karachi_pakistan,Karachi,Pakistan,24.861,67.001,Asia/Karachi,sample,2026-07-24 13:46:19.719188+00:00,1.0.0,2026-07-19 06:00:00+00:00,26.807,50.446,195.239,5.147,6.799,19.763,4.183,7.255,31.674,31.403,66.849,1008.936,2.359,237.29,2.881,0.0,0.0,38.421,9369.874,25.044,Clear,752.492,84.0,pm2_5,84.0,46.0,9.0,3.0,1.0,1.0
karachi_pakistan,Karachi,Pakistan,24.861,67.001,Asia/Karachi,sample,2026-07-24 13:46:19.719188+00:00,1.0.0,2026-07-19 07:00:00+00:00,33.343,46.897,183.75,6.013,7.844,5.14,7.001,10.353,30.273,29.974,73.07,1003.591,2.59,99.815,4.262,0.0,0.0,64.135,10308.716,24.887,Clouds,568.01,96.0,pm2_5,96.0,43.0,2.0,4.0,3.0,1.0
karachi_pakistan,Karachi,Pakistan,24.861,67.001,Asia/Karachi,sample,2026-07-24 13:46:19.719188+00:00,1.0.0,2026-07-19 08:00:00+00:00,38.072,76.835,164.091,2.817,4.649,12.818,6.926,12.923,30.036,29.491,76.761,1009.443,3.874,139.896,5.418,0.0,0.0,43.885,10041.799,25.388,Clear,634.175,107.0,pm2_5,107.0,61.0,6.0,2.0,3.0,1.0
karachi_pakistan,Karachi,Pakistan,24.861,67.001,Asia/Karachi,sample,2026-07-24 13:46:19.719188+00:00,1.0.0,2026-07-19 09:00:00+00:00,38.963,79.488,179.321,1.739,3.901,23.17,6.231,11.303,31.019,30.534,74.703,1007.319,3.548,210.025,4.793,0.0,0.0,22.586,8735.932,25.96,Clear,333.464,109.0,pm2_5,109.0,63.0,10.0,2.0,3.0,1.0
karachi_pakistan,Karachi,Pakistan,24.861,67.001,Asia/Karachi,sample,2026-07-24 13:46:19.719188+00:00,1.0.0,2026-07-19 10:00:00+00:00,40.852,59.864,218.788,2.129,4.09,21.897,1.868,6.276,29.93,29.377,76.867,1010.801,3.919,207.247,6.632,0.0,0.0,54.163,11365.351,25.304,Clear,562.491,114.0,pm2_5,114.0,53.0,10.0,2.0,0.0,1.0
karachi_pakistan,Karachi,Pakistan,24.861,67.001,Asia/Karachi,sample,2026-07-24 13:46:19.719188+00:00,1.0.0,2026-07-19 11:00:00+00:00,38.959,58.238,180.847,0.32,1.0,46.232,4.253,11.137,32.192,31.892,68.395,1005.893,2.524,207.596,3.762,0.0,0.0,51.344,10843.515,25.871,Clear,622.022,109.0,pm2_5,109.0,52.0,21.0,0.0,1.0,1.0
karachi_pakistan,Karachi,Pakistan,24.861,67.001,Asia/Karachi,sample,2026-07-24 13:46:19.719188+00:00,1.0.0,2026-07-19 12:00:00+00:00,42.028,87.315,193.446,2.124,4.321,49.826,4.62,1.187,33.007,32.633,67.148,1008.593,2.879,140.585,4.972,0.0,0.0,62.822,10551.866,26.437,Clouds,503.051,117.0,pm2_5,117.0,67.0,23.0,2.0,1.0,1.0
karachi_pakistan,Karachi,Pakistan,24.861,67.001,Asia/Karachi,sample,2026-07-24 13:46:19.719188+00:00,1.0.0,2026-07-19 13:00:00+00:00,33.315,48.846,140.343,1.357,2.347,67.598,1.153,5.733,33.84,33.333,54.962,1011.663,3.357,193.182,5.336,0.0,0.0,38.227,8503.982,24.832,Clear,876.182,96.0,pm2_5,96.0,44.0,31.0,1.0,0.0,1.0
karachi_pakistan,Karachi,Pakistan,24.861,67.001,Asia/Karachi,sample,2026-07-24 13:46:19.719188+00:00,1.0.0,2026-07-19 14:00:00+00:00,32.509,58.821,135.128,3.971,7.702,70.719,1.559,3.891,37.082,36.55,64.323,1006.447,3.625,196.326,4.78,0.0,0.0,41.561,10558.01,29.946,Clear,1099.541,95.0,pm2_5,95.0,52.0,33.0,4.0,0.0,1.0
karachi_pakistan,Karachi,Pakistan,24.861,67.001,Asia/Karachi,sample,2026-07-24 13:46:19.719188+00:00,1.0.0,2026-07-19 15:00:00+00:00,31.138,49.186,172.477,1.711,5.428,47.385,2.873,7.474,36.484,36.011,56.016,1011.16,3.203,196.65,4.785,0.0,0.0,48.104,10566.545,27.687,Clear,1455.478,92.0,pm2_5,92.0,45.0,22.0,2.0,1.0,1.0
karachi_pakistan,Karachi,Pakistan,24.861,67.001,Asia/Karachi,sample,2026-07-24 13:46:19.719188+00:00,1.0.0,2026-07-19 16:00:00+00:00,24.873,40.254,178.22,0.678,1.0,66.453,2.269,6.333,36.831,36.3,64.116,1007.829,3.612,204.766,6.048,2.494,2.494,64.107,10006.27,29.654,Rain,1617.621,80.0,pm2_5,80.0,37.0,31.0,0.0,0.0,1.0
karachi_pakistan,Karachi,Pakistan,24.861,67.001,Asia/Karachi,sample,2026-07-24 13:46:19.719188+00:00,1.0.0,2026-07-19 17:00:00+00:00,36.217,74.263,192.333,0.883,2.872,60.416,7.835,11.514,39.396,38.927,58.033,1006.688,3.216,179.917,4.422,0.0,0.0,66.337,10401.575,31.003,Clouds,1389.499,103.0,pm2_5,103.0,60.0,28.0,1.0,3.0,1.0
karachi_pakistan,Karachi,Pakistan,24.861,67.001,Asia/Karachi,sample,2026-07-24 13:46:19.719188+00:00,1.0.0,2026-07-19 18:00:00+00:00,39.449,45.562,236.35,4.63,6.579,44.52,7.891,10.302,38.575,38.134,61.329,1007.402,3.124,172.248,3.728,0.0,0.0,51.227,9267.52,30.84,Clear,1748.764,111.0,pm2_5,111.0,42.0,20.0,3.0,4.0,2.0
karachi_pakistan,Karachi,Pakistan,24.861,67.001,Asia/Karachi,sample,2026-07-24 13:46:19.719188+00:00,1.0.0,2026-07-19 19:00:00+00:00,30.167,59.442,254.48,1.913,3.041,34.998,5.311,11.163,39.964,39.341,47.202,1007.913,3.822,179.092,4.481,0.0,0.0,62.738,9392.149,29.404,Clouds,1894.034,90.0,pm2_5,90.0,53.0,16.0,1.0,3.0,2.0
karachi_pakistan,Karachi,Pakistan,24.861,67.001,Asia/Karachi,sample,2026-07-24 13:46:19.719188+00:00,1.0.0,2026-07-19 20:00:00+00:00,30.68,58.778,246.645,3.036,8.093,29.026,6.351,12.228,39.061,38.508,63.961,1004.964,3.721,122.658,4.254,0.0,0.0,61.795,8002.118,31.853,Clouds,1982.889,91.0,pm2_5,91.0,52.0,13.0,4.0,3.0,2.0
karachi_pakistan,Karachi,Pakistan,24.861,67.001,Asia/Karachi,sample,2026-07-24 13:46:19.719188+00:00,1.0.0,2026-07-19 21:00:00+00:00,40.146,60.369,318.195,6.28,12.839,31.43,5.861,7.11,40.186,39.819,54.946,1008.655,2.66,94.959,4.008,0.0,0.0,48.488,11121.614,31.176,Clear,1578.541,112.0,pm2_5,112.0,53.0,15.0,6.0,3.0,2.0
karachi_pakistan,Karachi,Pakistan,24.861,67.001,Asia/Karachi,sample,2026-07-24 13:46:19.719188+00:00,1.0.0,2026-07-19 22:00:00+00:00,44.822,69.475,291.6,8.973,13.784,10.474,3.838,14.652,40.307,40.074,63.565,1007.515,2.115,204.794,3.627,0.0,0.0,100.0,9729.06,33.02,Clouds,1927.707,124.0,pm2_5,124.0,58.0,5.0,7.0,1.0,2.0
karachi_pakistan,Karachi,Pakistan,24.861,67.001,Asia/Karachi,sample,2026-07-24 13:46:19.719188+00:00,1.0.0,2026-07-19 23:00:00+00:00,16.003,25.474,239.328,12.197,22.113,19.441,4.943,12.927,41.431,41.145,64.764,1009.878,2.4,135.958,3.79,0.0,0.0,37.765,11415.744,34.384,Clear,1627.874,64.0,pm2_5,64.0,23.0,8.0,10.0,1.0,2.0
karachi_pakistan,Karachi,Pakistan,24.861,67.001,Asia/Karachi,sample,2026-07-24 13:46:19.719188+00:00,1.0.0,2026-07-20 00:00:00+00:00,8.623,7.773,50.0,1.193,2.586,23.452,1.261,9.173,39.917,39.465,63.031,1006.828,3.207,200.777,3.953,0.0,0.0,18.04,10743.685,32.523,Clear,1457.037,48.0,pm2_5,48.0,6.0,10.0,1.0,0.0,0.0
karachi_pakistan,Karachi,Pakistan,24.861,67.001,Asia/Karachi,sample,2026-07-24 13:46:19.719188+00:00,1.0.0,2026-07-20 01:00:00+00:00,14.931,24.803,83.72,1.343,3.093,6.375,1.451,0.5,37.942,37.544,50.113,1006.755,2.738,136.854,4.191,0.0,0.0,70.962,10727.498,27.964,Clouds,1784.435,62.0,pm2_5,62.0,22.0,3.0,1.0,0.0,0.0
karachi_pakistan,Karachi,Pakistan,24.861,67.001,Asia/Karachi,sample,2026-07-24 13:46:19.719188+00:00,1.0.0,2026-07-20 02:00:00+00:00,17.91,27.137,50.0,0.557,1.0,7.18,0.5,2.188,35.386,35.065,62.202,1010.617,2.539,116.931,3.453,0.0,0.0,49.235,10238.068,27.826,Clear,1364.461,67.0,pm2_5,67.0,25.0,3.0,0.0,0.0,0.0
karachi_pakistan,Karachi,Pakistan,24.861,67.001,Asia/Karachi,sample,2026-07-24 13:46:19.719188+00:00,1.0.0,2026-07-20 03:00:00+00:00,24.774,51.378,98.978,2.545,4.185,3.901,0.87,7.544,35.899,35.693,55.714,1007.186,1.866,185.285,2.427,0.0,0.0,37.426,8801.195,27.042,Clear,1104.979,80.0,pm2_5,80.0,47.0,1.0,2.0,0.0,0.0
karachi_pakistan,Karachi,Pakistan,24.861,67.001,Asia/Karachi,sample,2026-07-24 13:46:19.719188+00:00,1.0.0,2026-07-20 04:00:00+00:00,30.948,40.961,84.037,1.776,2.266,2.544,3.961,5.079,35.055,34.97,67.458,1006.747,1.434,187.453,2.549,0.0,0.0,67.228,9409.102,28.546,Clouds,944.86,92.0,pm2_5,92.0,37.0,1.0,1.0,1.0,0.0
karachi_pakistan,Karachi,Pakistan,24.861,67.001,Asia/Karachi,sample,2026-07-24 13:46:19.719188+00:00,1.0.0,2026-07-20 05:00:00+00:00,31.786,45.296,105.85,2.408,3.135,8.348,3.148,4.576,33.617,33.297,68.481,1011.755,2.628,101.0,4.249,0.0,0.0,40.797,8675.097,27.313,Clear,906.742,93.0,pm2_5,93.0,42.0,4.0,1.0,1.0,0.0
karachi_pakistan,Karachi,Pakistan,24.861,67.001,Asia/Karachi,sample,2026-07-24 13:46:19.719188+00:00,1.0.0,2026-07-20 06:00:00+00:00,28.595,62.29,220.915,3.515,4.651,12.865,1.369,7.715,34.338,34.024,68.7,1009.137,2.603,99.811,3.953,0.0,0.0,50.885,9158.71,28.078,Clear,686.126,87.0,pm2_5,87.0,54.0,6.0,2.0,0.0,1.0
karachi_pakistan,Karachi,Pakistan,24.861,67.001,Asia/Karachi,sample,2026-07-24 13:46:19.719188+00:00,1.0.0,2026-07-20 07:00:00+00:00,34.517,61.878,183.064,3.79,6.961,17.633,6.023,12.276,32.207,31.78,66.704,1009.55,3.134,211.133,4.179,0.0,0.0,70.355,10322.46,25.548,Clouds,511.834,98.0,pm2_5,98.0,54.0,7.0,3.0,3.0,1.0
karachi_pakistan,Karachi,Pakistan,24.861,67.001,Asia/Karachi,sample,2026-07-24 13:46:19.719188+00:00,1.0.0,2026-07-20 08:00:00+00:00,32.888,61.355,233.521,5.934,10.635,13.998,8.573,10.712,32.183,31.83,61.054,1008.365,2.682,131.326,3.384,0.0,0.0,72.294,10893.289,24.394,Clouds,680.561,95.0,pm2_5,95.0,54.0,6.0,5.0,4.0,2.0
karachi_pakistan,Karachi,Pakistan,24.861,67.001,Asia/Karachi,sample,2026-07-24 13:46:19.719188+00:00,1.0.0,2026-07-20 09:00:00+00:00,29.352,50.445,272.872,2.128,5.17,22.677,7.59,11.49,32.771,32.367,73.87,1005.323,3.128,182.755,3.456,0.0,0.0,48.493,8431.553,27.545,Clear,982.966,89.0,pm2_5,89.0,46.0,10.0,2.0,3.0,2.0
karachi_pakistan,Karachi,Pakistan,24.861,67.001,Asia/Karachi,sample,2026-07-24 13:46:19.719188+00:00,1.0.0,2026-07-20 10:00:00+00:00,41.275,66.941,149.091,5.623,14.314,38.774,6.233,12.171,31.273,30.973,76.97,1005.192,2.653,220.376,4.644,0.0,0.0,31.789,10024.919,26.667,Clear,799.56,115.0,pm2_5,115.0,56.0,18.0,7.0,3.0,1.0
karachi_pakistan,Karachi,Pakistan,24.861,67.001,Asia/Karachi,sample,2026-07-24 13:46:19.719188+00:00,1.0.0,2026-07-20 11:00:00+00:00,24.15,45.218,151.295,3.136,7.374,36.837,3.395,7.649,32.479,32.038,60.1,1006.362,3.104,281.748,3.456,0.0,0.0,34.11,9593.386,24.498,Clear,780.358,79.0,pm2_5,79.0,42.0,17.0,3.0,1.0,1.0
karachi_pakistan,Karachi,Pakistan,24.861,67.001,Asia/Karachi,sample,2026-07-24 13:46:19.719188+00:00,1.0.0,2026-07-20 12:00:00+00:00,30.311,56.96,130.729,0.751,1.0,60.367,4.975,5.321,30.674,30.274,63.348,1008.255,2.95,94.1,4.141,0.0,0.0,24.189,10076.161,23.343,Clear,1098.298,90.0,pm2_5,90.0,51.0,28.0,0.0,1.0,1.0
karachi_pakistan,Karachi,Pakistan,24.861,67.001,Asia/Karachi,sample,2026-07-24 13:46:19.719188+00:00,1.0.0,2026-07-20 13:00:00+00:00,29.606,52.632,137.931,1.852,4.963,68.812,1.323,5.824,32.268,31.601,64.594,1011.255,4.307,170.655,5.985,0.0,0.0,52.447,10082.755,25.187,Clear,1083.861,89.0,pm2_5,89.0,48.0,32.0,2.0,0.0,1.0
karachi_pakistan,Karachi,Pakistan,24.861,67.001,Asia/Karachi,sample,2026-07-24 13:46:19.719188+00:00,1.0.0,2026-07-20 14:00:00+00:00,23.097,51.704,83.075,2.785,3.771,69.434,2.472,8.736,34.264,33.64,56.108,1006.779,3.961,152.814,5.587,0.0,0.0,56.692,10986.101,25.486,Clear,1074.165,77.0,pm2_5,77.0,47.0,32.0,2.0,0.0,0.0
karachi_pakistan,Karachi,Pakistan,24.861,67.001,Asia/Karachi,sample,2026-07-24 13:46:19.719188+00:00,1.0.0,2026-07-20 15:00:00+00:00,30.991,62.902,74.712,3.956,9.941,69.209,3.881,4.881,35.536,35.112,59.393,1004.711,3.013,208.69,4.143,0.0,0.0,59.166,8484.884,27.414,Clear,1292.81,92.0,pm2_5,92.0,54.0,32.0,5.0,1.0,0.0
karachi_pakistan,Karachi,Pakistan,24.861,67.001,Asia/Karachi,sample,2026-07-24 13:46:19.719188+00:00,1.0.0,2026-07-20 16:00:00+00:00,22.499,32.324,124.901,4.846,10.469,71.279,3.174,1.679,35.89,35.467,66.782,1010.478,3.119,222.756,3.695,1.597,1.597,77.157,9454.659,29.247,Rain,1282.253,76.0,pm2_5,76.0,30.0,33.0,5.0,1.0,1.0
karachi_pakistan,Karachi,Pakistan,24.861,67.001,Asia/Karachi,sample,2026-07-24 13:46:19.719188+00:00,1.0.0,2026-07-20 17:00:00+00:00,59.797,91.017,213.491,3.985,10.089,52.789,7.579,9.311,36.878,36.663,68.967,1009.091,2.11,204.784,2.491,0.0,0.0,28.12,9990.63,30.672,Clear,1657.529,154.0,pm2_5,154.0,69.0,24.0,5.0,3.0,1.0
karachi_pakistan,Karachi,Pakistan,24.861,67.001,Asia/Karachi,sample,2026-07-24 13:46:19.719188+00:00,1.0.0,2026-07-20 18:00:00+00:00,73.818,136.942,224.001,8.767,17.068,45.715,5.398,7.789,39.939,39.839,67.397,1008.088,1.514,126.244,2.512,0.0,0.0,57.205,9739.566,33.419,Clear,1425.747,164.0,pm2_5,164.0,91.0,21.0,8.0,3.0,1.0
karachi_pakistan,Karachi,Pakistan,24.861,67.001,Asia/Karachi,sample,2026-07-24 13:46:19.719188+00:00,1.0.0,2026-07-20 19:00:00+00:00,34.937,53.641,224.389,8.684,11.998,38.195,8.16,12.556,42.074,41.576,53.024,1006.578,3.287,152.328,4.005,1.003,1.003,48.261,10203.352,32.679,Rain,1718.693,99.0,pm2_5,99.0,49.0,18.0,6.0,4.0,1.0
karachi_pakistan,Karachi,Pakistan,24.861,67.001,Asia/Karachi,sample,2026-07-24 13:46:19.719188+00:00,1.0.0,2026-07-20 20:00:00+00:00,53.372,116.552,237.411,14.325,18.873,38.017,6.773,14.878,40.373,40.107,54.733,1007.259,2.155,147.526,3.562,0.0,0.0,87.136,11384.182,31.32,Clouds,1728.802,145.0,pm2_5,145.0,81.0,18.0,9.0,3.0,2.0
karachi_pakistan,Karachi,Pakistan,24.861,67.001,Asia/Karachi,sample,2026-07-24 13:46:19.719188+00:00,1.0.0,2026-07-20 21:00:00+00:00,71.879,138.798,321.362,6.611,16.319,14.961,5.449,9.978,39.092,38.964,57.39,1005.773,1.499,189.247,1.855,0.0,0.0,50.49,9386.212,30.57,Clear,1577.471,162.0,pm2_5,162.0,92.0,6.0,8.0,3.0,2.0
karachi_pakistan,Karachi,Pakistan,24.861,67.001,Asia/Karachi,sample,2026-07-24 13:46:19.719188+00:00,1.0.0,2026-07-20 22:00:00+00:00,41.69,66.758,220.892,4.911,12.792,18.992,6.945,10.607,39.67,39.141,70.849,1004.272,3.705,126.544,6.257,0.0,0.0,47.006,10218.444,33.84,Clear,1783.679,116.0,pm2_5,116.0,56.0,8.0,6.0,3.0,1.0
karachi_pakistan,Karachi,Pakistan,24.861,67.001,Asia/Karachi,sample,2026-07-24 13:46:19.719188+00:00,1.0.0,2026-07-20 23:00:00+00:00,49.223,62.456,161.147,1.743,2.912,2.006,6.939,8.552,41.752,41.289,60.403,1007.477,3.219,138.402,4.105,0.0,0.0,36.771,11312.829,33.832,Clear,1612.645,135.0,pm2_5,135.0,54.0,1.0,1.0,3.0,1.0
karachi_pakistan,Karachi,Pakistan,24.861,67.001,Asia/Karachi,sample,2026-07-24 13:46:19.719188+00:00,1.0.0,2026-07-21 00:00:00+00:00,25.468,43.654,55.592,1.779,3.721,16.703,0.5,0.5,38.515,38.05,57.567,1006.88,3.191,166.946,4.778,0.0,0.0,51.488,10974.602,30.028,Clear,1517.996,81.0,pm2_5,81.0,40.0,7.0,1.0,0.0,0.0
karachi_pakistan,Karachi,Pakistan,24.861,67.001,Asia/Karachi,sample,2026-07-24 13:46:19.719188+00:00,1.0.0,2026-07-21 01:00:00+00:00,10.308,17.634,50.0,2.243,3.851,5.33,0.832,5.338,36.736,36.28,56.43,1005.898,3.124,208.118,3.633,4.769,4.769,48.229,10095.792,28.022,Rain,1477.732,53.0,pm2_5,53.0,16.0,2.0,2.0,0.0,0.0
karachi_pakistan,Karachi,Pakistan,24.861,67.001,Asia/Karachi,sample,2026-07-24 13:46:19.719188+00:00,1.0.0,2026-07-21 02:00:00+00:00,16.773,37.999,85.144,0.477,1.0,6.381,2.482,4.481,38.033,37.679,67.711,1007.885,2.784,185.293,3.252,0.0,0.0,30.645,10373.634,31.575,Clear,1593.841,65.0,pm2_5,65.0,34.0,3.0,0.0,0.0,0.0
karachi_pakistan,Karachi,Pakistan,24.861,67.001,Asia/Karachi,sample,2026-07-24 13:46:19.719188+00:00,1.0.0,2026-07-21 03:00:00+00:00,20.256,38.486,83.386,3.559,8.112,4.584,3.412,3.007,35.58,35.649,56.068,1005.202,0.493,245.214,0.715,2.333,2.333,53.95,9022.111,26.793,Rain,1079.17,72.0,pm2_5,72.0,35.0,2.0,4.0,1.0,0.0
karachi_pakistan,Karachi,Pakistan,24.861,67.001,Asia/Karachi,sample,2026-07-24 13:46:19.719188+00:00,1.0.0,2026-07-21 04:00:00+00:00,23.136,45.838,141.264,1.466,4.256,13.634,4.151,2.182,31.815,31.814,60.742,1005.47,0.916,132.053,1.537,4.615,4.615,79.899,10075.5,23.963,Rain,955.992,77.0,pm2_5,77.0,42.0,6.0,2.0,1.0,1.0
karachi_pakistan,Karachi,Pakistan,24.861,67.001,Asia/Karachi,sample,2026-07-24 13:46:19.719188+00:00,1.0.0,2026-07-21 05:00:00+00:00,12.323,22.379,161.294,0.928,2.343,19.159,6.068,5.442,30.61,30.338,64.54,1009.321,2.327,160.209,3.026,0.0,0.0,84.145,10217.647,23.518,Clouds,784.75,57.0,pm2_5,57.0,20.0,8.0,1.0,3.0,1.0
karachi_pakistan,Karachi,Pakistan,24.861,67.001,Asia/Karachi,sample,2026-07-24 13:46:19.719188+00:00,1.0.0,2026-07-21 06:00:00+00:00,36.729,58.244,114.79,2.183,2.998,12.591,4.38,2.829,33.175,32.87,64.128,1007.933,2.488,151.889,3.798,0.0,0.0,36.79,10185.979,26.001,Clear,1059.378,104.0,pm2_5,104.0,52.0,6.0,1.0,1.0,1.0
karachi_pakistan,Karachi,Pakistan,24.861,67.001,Asia/Karachi,sample,2026-07-24 13:46:19.719188+00:00,1.0.0,2026-07-21 07:00:00+00:00,23.43,44.658,134.401,4.127,5.998,11.711,8.853,9.932,29.298,29.027,73.022,1008.154,2.446,183.119,2.958,0.0,0.0,63.982,9864.912,23.902,Clouds,408.211,78.0,pm2_5,78.0,41.0,5.0,3.0,4.0,1.0
karachi_pakistan,Karachi,Pakistan,24.861,67.001,Asia/Karachi,sample,2026-07-24 13:46:19.719188+00:00,1.0.0,2026-07-21 08:00:00+00:00,22.574,40.691,274.942,2.037,4.847,28.493,6.315,6.883,29.349,29.134,72.413,1009.625,2.159,74.575,2.383,0.0,0.0,47.18,9478.368,23.831,Clear,741.917,76.0,pm2_5,76.0,37.0,13.0,2.0,3.0,2.0
karachi_pakistan,Karachi,Pakistan,24.861,67.001,Asia/Karachi,sample,2026-07-24 13:46:19.719188+00:00,1.0.0,2026-07-21 09:00:00+00:00,55.261,98.704,258.452,3.977,5.069,24.979,6.952,11.206,30.087,30.125,66.572,1007.579,0.813,175.869,1.457,0.0,0.0,53.184,10453.482,23.402,Clear,398.086,150.0,pm2_5,150.0,72.0,11.0,2.0,3.0,2.0
karachi_pakistan,Karachi,Pakistan,24.861,67.001,Asia/Karachi,sample,2026-07-24 13:46:19.719188+00:00,1.0.0,2026-07-21 10:00:00+00:00,51.311,82.73,157.706,1.194,2.962,20.055,4.121,15.93,32.443,32.472,60.859,1006.259,0.765,132.688,1.099,0.0,0.0,47.751,9335.641,24.614,Clear,492.08,140.0,pm2_5,140.0,64.0,9.0,1.0,1.0,1.0
karachi_pakistan,Karachi,Pakistan,24.861,67.001,Asia/Karachi,sample,2026-07-24 13:46:19.719188+00:00,1.0.0,2026-07-21 11:00:00+00:00,37.718,73.851,197.987,3.637,8.993,42.254,2.577,9.425,30.962,31.065,59.39,1005.168,0.375,172.637,0.605,0.0,0.0,33.501,10598.54,22.84,Clear,546.764,106.0,pm2_5,106.0,60.0,19.0,4.0,0.0,1.0
karachi_pakistan,Karachi,Pakistan,24.861,67.001,Asia/Karachi,sample,2026-07-24 13:46:19.719188+00:00,1.0.0,2026-07-21 12:00:00+00:00,34.344,70.138,56.11,3.918,5.086,40.028,0.5,4.491,32.145,31.968,60.3,1007.636,1.789,110.082,3.178,0.0,0.0,34.695,10383.106,24.205,Clear,711.077,98.0,pm2_5,98.0,58.0,19.0,2.0,0.0,0.0
karachi_pakistan,Karachi,Pakistan,24.861,67.001,Asia/Karachi,sample,2026-07-24 13:46:19.719188+00:00,1.0.0,2026-07-21 13:00:00+00:00,40.217,63.827,116.968,1.355,2.865,65.19,2.403,9.732,32.663,32.723,66.049,1012.236,0.69,116.241,1.19,0.0,0.0,60.348,11690.334,25.872,Clouds,779.348,113.0,pm2_5,113.0,55.0,31.0,1.0,0.0,1.0
karachi_pakistan,Karachi,Pakistan,24.861,67.001,Asia/Karachi,sample,2026-07-24 13:46:19.719188+00:00,1.0.0,2026-07-21 14:00:00+00:00,31.979,69.079,116.395,5.567,7.308,70.232,5.237,2.564,35.316,35.136,56.431,1011.28,1.746,240.337,2.953,0.0,0.0,51.591,9221.926,26.602,Clear,1027.57,93.0,pm2_5,93.0,58.0,32.0,3.0,1.0,1.0
karachi_pakistan,Karachi,Pakistan,24.861,67.001,Asia/Karachi,sample,2026-07-24 13:46:19.719188+00:00,1.0.0,2026-07-21 15:00:00+00:00,40.946,75.175,148.351,3.334,6.343,61.858,2.041,0.5,37.701,37.421,64.869,1003.839,2.37,120.245,3.478,0.0,0.0,48.549,11378.228,30.675,Clear,973.362,114.0,pm2_5,114.0,61.0,29.0,3.0,0.0,1.0
karachi_pakistan,Karachi,Pakistan,24.861,67.001,Asia/Karachi,sample,2026-07-24 13:46:19.719188+00:00,1.0.0,2026-07-21 16:00:00+00:00,49.174,89.494,176.447,3.563,9.576,68.423,3.521,1.22,37.435,36.894,61.138,1004.143,3.624,158.311,5.425,0.0,0.0,79.41,9918.407,29.663,Clouds,1417.389,134.0,pm2_5,134.0,68.0,31.0,5.0,1.0,1.0
karachi_pakistan,Karachi,Pakistan,24.861,67.001,Asia/Karachi,sample,2026-07-24 13:46:19.719188+00:00,1.0.0,2026-07-21 17:00:00+00:00,49.576,91.188,259.148,2.061,6.541,67.66,5.25,6.987,39.083,38.225,54.864,1006.434,5.114,156.73,6.734,0.0,0.0,63.004,10853.214,30.056,Clouds,1521.917,135.0,pm2_5,135.0,69.0,31.0,3.0,3.0,2.0
karachi_pakistan,Karachi,Pakistan,24.861,67.001,Asia/Karachi,sample,2026-07-24 13:46:19.719188+00:00,1.0.0,2026-07-21 18:00:00+00:00,71.485,97.672,225.082,7.399,15.567,58.759,10.929,11.069,39.345,39.062,64.805,1006.217,2.388,197.47,3.328,0.0,0.0,32.738,8546.111,32.306,Clear,1426.026,162.0,pm2_5,162.0,72.0,27.0,8.0,6.0,1.0
karachi_pakistan,Karachi,Pakistan,24.861,67.001,Asia/Karachi,sample,2026-07-24 13:46:19.719188+00:00,1.0.0,2026-07-21 19:00:00+00:00,46.031,78.098,249.909,3.307,9.339,38.11,8.33,11.407,40.226,39.644,52.017,1007.082,3.69,164.809,5.786,0.0,0.0,45.506,8955.114,30.629,Clear,1600.442,127.0,pm2_5,127.0,62.0,18.0,4.0,4.0,2.0
karachi_pakistan,Karachi,Pakistan,24.861,67.001,Asia/Karachi,sample,2026-07-24 13:46:19.719188+00:00,1.0.0,2026-07-21 20:00:00+00:00,38.759,63.578,245.297,3.78,5.808,29.516,8.015,10.373,40.427,39.888,61.778,1008.17,3.625,200.149,5.396,0.0,0.0,53.325,11165.487,32.783,Clear,1643.881,109.0,pm2_5,109.0,55.0,14.0,3.0,4.0,2.0
karachi_pakistan,Karachi,Pakistan,24.861,67.001,Asia/Karachi,sample,2026-07-24 13:46:19.719188+00:00,1.0.0,2026-07-21 21:00:00+00:00,36.57,66.418,271.867,10.719,14.438,18.985,8.839,10.505,40.664,39.958,54.825,1006.02,4.356,167.682,6.033,0.0,0.0,19.518,9105.61,31.629,Clear,1650.15,103.0,pm2_5,103.0,56.0,8.0,7.0,4.0,2.0
karachi_pakistan,Karachi,Pakistan,24.861,67.001,Asia/Karachi,sample,2026-07-24 13:46:19.719188+00:00,1.0.0,2026-07-21 22:00:00+00:00,33.519,52.67,227.129,8.031,14.668,17.842,10.459,15.877,41.69,41.26,52.888,1007.56,2.944,198.242,4.593,0.0,0.0,65.776,11179.042,32.268,Clouds,1929.712,96.0,pm2_5,96.0,48.0,8.0,7.0,4.0,1.0
karachi_pakistan,Karachi,Pakistan,24.861,67.001,Asia/Karachi,sample,2026-07-24 13:46:19.719188+00:00,1.0.0,2026-07-21 23:00:00+00:00,33.379,66.335,175.603,3.806,9.938,13.647,3.652,6.412,40.998,40.922,59.997,1005.069,1.279,189.888,1.629,0.0,0.0,31.843,9496.651,32.997,Clear,1934.356,96.0,pm2_5,96.0,56.0,6.0,5.0,1.0,1.0
karachi_pakistan,Karachi,Pakistan,24.861,67.001,Asia/Karachi,sample,2026-07-24 13:46:19.719188+00:00,1.0.0,2026-07-22 00:00:00+00:00,28.508,57.542,50.0,1.603,2.408,17.527,4.068,6.567,40.005,40.007,63.202,1004.772,0.936,213.64,1.197,0.0,0.0,66.789,10173.668,32.645,Clouds,1553.153,87.0,pm2_5,87.0,52.0,7.0,1.0,1.0,0.0
karachi_pakistan,Karachi,Pakistan,24.861,67.001,Asia/Karachi,sample,2026-07-24 13:46:19.719188+00:00,1.0.0,2026-07-22 01:00:00+00:00,27.024,47.722,57.824,2.504,4.734,9.0,0.671,0.5,38.935,38.785,61.3,1007.974,1.665,149.897,2.85,0.0,0.0,46.296,12528.145,31.195,Clear,1671.409,84.0,pm2_5,84.0,44.0,4.0,2.0,0.0,0.0
karachi_pakistan,Karachi,Pakistan,24.861,67.001,Asia/Karachi,sample,2026-07-24 13:46:19.719188+00:00,1.0.0,2026-07-22 02:00:00+00:00,28.755,63.01,88.322,3.132,4.373,12.519,2.212,4.532,38.503,38.273,62.597,1006.413,2.088,186.457,2.794,0.0,0.0,45.941,9015.113,31.023,Clear,1202.668,88.0,pm2_5,88.0,55.0,6.0,2.0,0.0,0.0
karachi_pakistan,Karachi,Pakistan,24.861,67.001,Asia/Karachi,sample,2026-07-24 13:46:19.719188+00:00,1.0.0,2026-07-22 03:00:00+00:00,25.237,27.812,109.975,1.025,2.132,7.835,1.258,5.521,34.23,33.835,63.372,1009.137,2.924,214.566,4.83,0.0,0.0,57.811,9264.889,26.904,Clear,1015.527,81.0,pm2_5,81.0,25.0,3.0,1.0,0.0,0.0
karachi_pakistan,Karachi,Pakistan,24.861,67.001,Asia/Karachi,sample,2026-07-24 13:46:19.719188+00:00,1.0.0,2026-07-22 04:00:00+00:00,28.878,57.751,50.0,3.682,5.758,11.907,2.13,2.74,36.729,36.587,57.456,1002.717,1.574,228.731,2.034,0.0,0.0,64.479,10361.047,28.22,Clouds,869.828,88.0,pm2_5,88.0,52.0,6.0,3.0,0.0,0.0
karachi_pakistan,Karachi,Pakistan,24.861,67.001,Asia/Karachi,sample,2026-07-24 13:46:19.719188+00:00,1.0.0,2026-07-22 05:00:00+00:00,39.824,78.367,152.926,2.162,3.772,11.823,3.836,4.926,32.169,31.902,62.732,1011.829,2.275,210.616,3.828,0.0,0.0,35.056,8328.859,24.715,Clear,989.964,112.0,pm2_5,112.0,62.0,6.0,2.0,1.0,1.0
karachi_pakistan,Karachi,Pakistan,24.861,67.001,Asia/Karachi,sample,2026-07-24 13:46:19.719188+00:00,1.0.0,2026-07-22 06:00:00+00:00,41.012,88.741,233.153,1.863,2.76,12.869,4.646,9.484,32.908,32.463,65.178,1004.879,3.202,167.767,5.688,0.0,0.0,49.243,9484.018,25.943,Clear,746.626,115.0,pm2_5,115.0,67.0,6.0,1.0,1.0,2.0
karachi_pakistan,Karachi,Pakistan,24.861,67.001,Asia/Karachi,sample,2026-07-24 13:46:19.719188+00:00,1.0.0,2026-07-22 07:00:00+00:00,37.656,64.276,176.024,3.788,6.77,22.616,3.655,9.786,32.294,32.064,67.219,1007.914,2.158,162.933,3.784,0.0,0.0,59.77,9671.98,25.737,Clear,553.495,106.0,pm2_5,106.0,55.0,10.0,3.0,1.0,1.0
karachi_pakistan,Karachi,Pakistan,24.861,67.001,Asia/Karachi,sample,2026-07-24 13:46:19.719188+00:00,1.0.0,2026-07-22 08:00:00+00:00,33.753,59.243,253.67,3.512,9.046,27.285,4.721,10.324,31.849,31.382,70.43,1007.839,3.395,165.92,6.051,0.0,0.0,50.039,10933.217,25.935,Clear,683.426,97.0,pm2_5,97.0,53.0,12.0,4.0,1.0,2.0
karachi_pakistan,Karachi,Pakistan,24.861,67.001,Asia/Karachi,sample,2026-07-24 13:46:19.719188+00:00,1.0.0,2026-07-22 09:00:00+00:00,43.31,85.194,201.201,2.481,5.868,23.664,4.58,11.368,29.98,29.638,64.116,1009.784,2.675,205.945,3.763,0.0,0.0,28.447,9814.66,22.804,Clear,780.041,120.0,pm2_5,120.0,66.0,11.0,3.0,1.0,1.0
karachi_pakistan,Karachi,Pakistan,24.861,67.001,Asia/Karachi,sample,2026-07-24 13:46:19.719188+00:00,1.0.0,2026-07-22 10:00:00+00:00,43.806,94.007,166.167,5.256,6.847,36.82,5.824,6.073,33.803,33.222,57.215,1005.399,3.762,152.57,6.696,0.0,0.0,63.879,9039.192,25.246,Clouds,689.284,121.0,pm2_5,121.0,70.0,17.0,3.0,3.0,1.0
karachi_pakistan,Karachi,Pakistan,24.861,67.001,Asia/Karachi,sample,2026-07-24 13:46:19.719188+00:00,1.0.0,2026-07-22 11:00:00+00:00,29.362,51.492,152.328,3.489,7.959,33.498,5.059,4.109,32.543,32.088,68.851,1009.292,3.308,180.925,5.022,0.0,0.0,74.266,8941.93,26.313,Clouds,603.215,89.0,pm2_5,89.0,47.0,16.0,4.0,1.0,1.0
karachi_pakistan,Karachi,Pakistan,24.861,67.001,Asia/Karachi,sample,2026-07-24 13:46:19.719188+00:00,1.0.0,2026-07-22 12:00:00+00:00,12.325,30.096,124.293,0.57,1.0,57.331,4.334,3.35,30.608,29.933,60.741,1008.703,4.286,145.184,5.742,0.0,0.0,32.911,10534.404,22.756,Clear,752.653,57.0,pm2_5,57.0,28.0,27.0,0.0,1.0,1.0
karachi_pakistan,Karachi,Pakistan,24.861,67.001,Asia/Karachi,sample,2026-07-24 13:46:19.719188+00:00,1.0.0,2026-07-22 13:00:00+00:00,12.531,21.858,78.435,3.699,5.978,66.188,3.123,3.708,33.701,33.076,72.93,1008.282,4.214,209.796,5.526,0.0,0.0,27.76,10571.827,28.287,Clear,912.054,57.0,pm2_5,57.0,19.0,31.0,3.0,1.0,0.0
karachi_pakistan,Karachi,Pakistan,24.861,67.001,Asia/Karachi,sample,2026-07-24 13:46:19.719188+00:00,1.0.0,2026-07-22 14:00:00+00:00,20.77,54.335,102.616,0.824,1.734,54.888,3.456,8.83,34.643,33.994,72.858,1008.232,4.338,176.641,6.391,0.0,0.0,73.331,8787.808,29.215,Clouds,1150.0,73.0,pm2_5,73.0,50.0,25.0,0.0,1.0,0.0
karachi_pakistan,Karachi,Pakistan,24.861,67.001,Asia/Karachi,sample,2026-07-24 13:46:19.719188+00:00,1.0.0,2026-07-22 15:00:00+00:00,27.421,48.311,129.901,2.042,5.486,72.712,2.396,8.93,35.828,35.237,69.793,1008.977,4.0,138.338,4.505,0.0,0.0,41.844,8909.577,29.787,Clear,1223.195,85.0,pm2_5,85.0,44.0,34.0,2.0,0.0,1.0
karachi_pakistan,Karachi,Pakistan,24.861,67.001,Asia/Karachi,sample,2026-07-24 13:46:19.719188+00:00,1.0.0,2026-07-22 16:00:00+00:00,44.422,89.072,130.353,1.618,2.698,63.336,2.284,3.47,36.445,35.921,75.147,1008.033,3.745,235.474,4.772,0.0,0.0,50.553,11132.408,31.475,Clear,1243.241,123.0,pm2_5,123.0,68.0,30.0,1.0,0.0,1.0
karachi_pakistan,Karachi,Pakistan,24.861,67.001,Asia/Karachi,sample,2026-07-24 13:46:19.719188+00:00,1.0.0,2026-07-22 17:00:00+00:00,28.177,48.02,141.744,2.973,8.272,61.588,2.901,11.573,39.919,39.285,63.283,1007.882,4.122,194.892,5.036,0.0,0.0,32.384,10032.581,32.576,Clear,1572.011,86.0,pm2_5,86.0,44.0,29.0,4.0,1.0,1.0
karachi_pakistan,Karachi,Pakistan,24.861,67.001,Asia/Karachi,sample,2026-07-24 13:46:19.719188+00:00,1.0.0,2026-07-22 18:00:00+00:00,29.198,65.444,216.091,4.911,7.079,55.791,8.252,12.743,41.201,40.693,58.844,1006.165,3.421,77.35,5.58,0.0,0.0,50.176,10006.158,32.969,Clear,1630.374,88.0,pm2_5,88.0,56.0,26.0,3.0,4.0,1.0
karachi_pakistan,Karachi,Pakistan,24.861,67.001,Asia/Karachi,sample,2026-07-24 13:46:19.719188+00:00,1.0.0,2026-07-22 19:00:00+00:00,55.678,98.445,227.01,13.791,20.957,45.842,9.352,13.452,39.609,39.349,63.838,1007.763,2.257,175.794,3.451,0.0,0.0,74.104,10483.156,32.376,Clouds,1731.974,151.0,pm2_5,151.0,72.0,21.0,10.0,4.0,1.0
karachi_pakistan,Karachi,Pakistan,24.861,67.001,Asia/Karachi,sample,2026-07-24 13:46:19.719188+00:00,1.0.0,2026-07-22 20:00:00+00:00,40.293,82.197,325.21,4.702,9.72,27.517,7.944,11.295,40.441,39.943,56.58,1006.602,3.338,117.704,3.76,0.0,0.0,39.226,10939.466,31.757,Clear,1615.89,113.0,pm2_5,113.0,64.0,13.0,5.0,4.0,2.0
karachi_pakistan,Karachi,Pakistan,24.861,67.001,Asia/Karachi,sample,2026-07-24 13:46:19.719188+00:00,1.0.0,2026-07-22 21:00:00+00:00,50.044,81.351,237.662,2.451,6.996,25.609,7.539,11.67,42.123,42.094,63.576,1009.966,1.097,144.14,1.476,0.0,0.0,58.057,10413.662,34.838,Clear,1917.298,137.0,pm2_5,137.0,64.0,12.0,3.0,3.0,2.0
karachi_pakistan,Karachi,Pakistan,24.861,67.001,Asia/Karachi,sample,2026-07-24 13:46:19.719188+00:00,1.0.0,2026-07-22 22:00:00+00:00,55.571,94.834,236.525,7.793,12.971,9.652,9.103,5.67,40.469,40.334,62.798,1009.505,1.62,139.434,2.525,0.0,0.0,84.109,10834.747,33.029,Clouds,1779.088,151.0,pm2_5,151.0,70.0,4.0,6.0,4.0,2.0
karachi_pakistan,Karachi,Pakistan,24.861,67.001,Asia/Karachi,sample,2026-07-24 13:46:19.719188+00:00,1.0.0,2026-07-22 23:00:00+00:00,49.002,91.846,216.602,2.516,7.244,12.286,6.318,5.489,39.644,39.372,61.161,1005.49,2.276,193.302,3.354,0.0,0.0,36.36,11126.886,31.876,Clear,1657.421,134.0,pm2_5,134.0,69.0,6.0,3.0,3.0,1.0
karachi_pakistan,Karachi,Pakistan,24.861,67.001,Asia/Karachi,sample,2026-07-24 13:46:19.719188+00:00,1.0.0,2026-07-23 00:00:00+00:00,18.357,30.022,50.0,0.69,1.0,1.0,0.5,6.157,38.984,38.476,56.151,1008.264,3.38,191.618,3.75,0.0,0.0,35.794,10924.81,30.214,Clear,1510.853,68.0,pm2_5,68.0,28.0,0.0,0.0,0.0,0.0
karachi_pakistan,Karachi,Pakistan,24.861,67.001,Asia/Karachi,sample,2026-07-24 13:46:19.719188+00:00,1.0.0,2026-07-23 01:00:00+00:00,18.535,33.367,50.0,3.032,5.906,13.181,0.5,3.043,38.291,37.617,58.596,1007.498,4.25,143.208,6.321,0.0,0.0,24.294,11100.512,30.01,Clear,1492.402,69.0,pm2_5,69.0,31.0,6.0,3.0,0.0,0.0
karachi_pakistan,Karachi,Pakistan,24.861,67.001,Asia/Karachi,sample,2026-07-24 13:46:19.719188+00:00,1.0.0,2026-07-23 02:00:00+00:00,26.737,33.44,50.0,1.253,2.459,20.854,7.166,3.901,37.255,36.64,61.213,1007.195,3.993,136.252,4.551,0.0,0.0,50.486,10092.78,29.498,Clear,1557.483,84.0,pm2_5,84.0,31.0,9.0,1.0,3.0,0.0
karachi_pakistan,Karachi,Pakistan,24.861,67.001,Asia/Karachi,sample,2026-07-24 13:46:19.719188+00:00,1.0.0,2026-07-23 03:00:00+00:00,22.649,57.843,50.0,0.646,1.0,11.19,0.5,7.388,35.372,34.552,51.96,1009.154,4.878,165.947,7.484,0.0,0.0,60.887,10383.767,25.764,Clouds,1416.594,76.0,pm2_5,76.0,52.0,5.0,0.0,0.0,0.0
karachi_pakistan,Karachi,Pakistan,24.861,67.001,Asia/Karachi,sample,2026-07-24 13:46:19.719188+00:00,1.0.0,2026-07-23 04:00:00+00:00,16.178,36.772,138.286,1.338,3.773,14.937,2.722,4.647,33.708,33.053,66.547,1005.287,4.273,170.627,6.008,0.0,0.0,48.289,10403.047,27.017,Clear,1083.973,64.0,pm2_5,64.0,33.0,6.0,2.0,1.0,1.0
karachi_pakistan,Karachi,Pakistan,24.861,67.001,Asia/Karachi,sample,2026-07-24 13:46:19.719188+00:00,1.0.0,2026-07-23 05:00:00+00:00,26.601,42.753,68.699,2.733,6.458,1.159,2.476,7.845,33.423,32.784,53.969,1012.272,4.005,182.258,5.806,0.0,0.0,68.802,11291.055,24.217,Clouds,875.575,84.0,pm2_5,84.0,39.0,0.0,3.0,0.0,0.0
karachi_pakistan,Karachi,Pakistan,24.861,67.001,Asia/Karachi,sample,2026-07-24 13:46:19.719188+00:00,1.0.0,2026-07-23 06:00:00+00:00,24.19,44.529,137.343,4.252,9.34,10.543,5.872,4.475,31.635,30.926,79.313,1007.662,4.733,103.446,7.047,0.0,0.0,60.729,9417.112,27.497,Clouds,770.184,79.0,pm2_5,79.0,41.0,5.0,4.0,3.0,1.0
karachi_pakistan,Karachi,Pakistan,24.861,67.001,Asia/Karachi,sample,2026-07-24 13:46:19.719188+00:00,1.0.0,2026-07-23 07:00:00+00:00,19.196,32.805,176.164,4.435,14.607,10.16,5.939,10.168,35.083,34.672,59.028,1006.539,2.941,96.14,3.715,0.0,0.0,33.343,9997.713,26.889,Clear,552.78,70.0,pm2_5,70.0,30.0,5.0,7.0,3.0,1.0
karachi_pakistan,Karachi,Pakistan,24.861,67.001,Asia/Karachi,sample,2026-07-24 13:46:19.719188+00:00,1.0.0,2026-07-23 08:00:00+00:00,22.3,33.059,212.253,4.723,8.802,26.037,9.217,14.066,33.252,32.751,69.912,1004.558,3.557,130.095,4.99,0.0,0.0,44.976,10554.747,27.235,Clear,609.178,75.0,pm2_5,75.0,31.0,12.0,4.0,4.0,1.0
karachi_pakistan,Karachi,Pakistan,24.861,67.001,Asia/Karachi,sample,2026-07-24 13:46:19.719188+00:00,1.0.0,2026-07-23 09:00:00+00:00,16.756,38.73,234.66,8.886,12.031,15.155,2.232,14.646,31.831,31.488,63.968,1005.434,2.676,207.345,4.048,0.0,0.0,72.342,10065.379,24.624,Clouds,669.352,65.0,pm2_5,65.0,35.0,6.0,6.0,0.0,2.0
karachi_pakistan,Karachi,Pakistan,24.861,67.001,Asia/Karachi,sample,2026-07-24 13:46:19.719188+00:00,1.0.0,2026-07-23 10:00:00+00:00,26.055,46.395,141.029,2.776,8.109,38.503,1.235,12.385,30.044,29.874,69.447,1008.921,1.891,154.561,3.087,0.0,0.0,55.46,9997.736,23.933,Clear,687.721,82.0,pm2_5,82.0,43.0,18.0,4.0,0.0,1.0
karachi_pakistan,Karachi,Pakistan,24.861,67.001,Asia/Karachi,sample,2026-07-24 13:46:19.719188+00:00,1.0.0,2026-07-23 11:00:00+00:00,32.306,55.605,260.277,2.54,3.529,44.502,6.958,11.682,30.694,30.8,62.74,1007.057,0.41,160.128,0.683,0.0,0.0,64.88,10394.886,23.242,Clouds,707.816,94.0,pm2_5,94.0,51.0,20.0,1.0,3.0,2.0
karachi_pakistan,Karachi,Pakistan,24.861,67.001,Asia/Karachi,sample,2026-07-24 13:46:19.719188+00:00,1.0.0,2026-07-23 12:00:00+00:00,29.181,54.639,116.061,0.917,2.85,54.15,2.295,5.402,29.941,29.842,68.225,1008.291,1.518,142.589,2.106,0.0,0.0,39.154,9560.782,23.586,Clear,782.002,88.0,pm2_5,88.0,50.0,25.0,1.0,0.0,1.0
karachi_pakistan,Karachi,Pakistan,24.861,67.001,Asia/Karachi,sample,2026-07-24 13:46:19.719188+00:00,1.0.0,2026-07-23 13:00:00+00:00,27.4,41.354,177.45,3.957,7.965,61.477,1.87,5.055,30.772,30.823,74.084,1007.465,0.855,189.906,1.118,0.0,0.0,50.556,10418.824,25.588,Clear,890.538,85.0,pm2_5,85.0,38.0,29.0,4.0,0.0,1.0
karachi_pakistan,Karachi,Pakistan,24.861,67.001,Asia/Karachi,sample,2026-07-24 13:46:19.719188+00:00,1.0.0,2026-07-23 14:00:00+00:00,23.789,44.771,58.505,3.084,4.636,72.688,4.726,2.801,35.15,34.547,61.832,1008.62,3.94,221.168,6.107,0.0,0.0,50.724,8588.546,27.516,Clear,1036.9,78.0,pm2_5,78.0,41.0,34.0,2.0,1.0,0.0
karachi_pakistan,Karachi,Pakistan,24.861,67.001,Asia/Karachi,sample,2026-07-24 13:46:19.719188+00:00,1.0.0,2026-07-23 15:00:00+00:00,20.057,36.548,79.22,2.204,6.747,70.287,1.395,1.891,37.085,36.569,67.588,1008.86,3.593,114.343,4.278,0.0,0.0,54.058,11532.981,30.603,Clear,939.469,71.0,pm2_5,71.0,33.0,32.0,3.0,0.0,0.0
karachi_pakistan,Karachi,Pakistan,24.861,67.001,Asia/Karachi,sample,2026-07-24 13:46:19.719188+00:00,1.0.0,2026-07-23 16:00:00+00:00,16.801,27.657,160.101,6.275,9.345,69.641,1.903,5.737,35.579,34.802,62.364,1006.142,4.822,174.073,8.26,0.0,0.0,44.692,9793.529,28.052,Clear,1406.433,65.0,pm2_5,65.0,25.0,32.0,4.0,0.0,1.0
karachi_pakistan,Karachi,Pakistan,24.861,67.001,Asia/Karachi,sample,2026-07-24 13:46:19.719188+00:00,1.0.0,2026-07-23 17:00:00+00:00,12.847,19.145,281.679,1.773,4.785,60.157,3.466,2.335,38.461,37.914,56.715,1003.034,3.583,187.383,6.324,0.0,0.0,77.878,10033.043,29.803,Clouds,1244.669,58.0,pm2_5,58.0,18.0,28.0,2.0,1.0,2.0
karachi_pakistan,Karachi,Pakistan,24.861,67.001,Asia/Karachi,sample,2026-07-24 13:46:19.719188+00:00,1.0.0,2026-07-23 18:00:00+00:00,22.881,47.054,222.246,0.581,1.0,59.121,7.217,5.172,40.745,39.968,65.445,1010.045,4.866,207.921,7.102,0.0,0.0,19.023,10174.787,33.834,Clear,1412.816,77.0,pm2_5,77.0,44.0,28.0,0.0,3.0,1.0
karachi_pakistan,Karachi,Pakistan,24.861,67.001,Asia/Karachi,sample,2026-07-24 13:46:19.719188+00:00,1.0.0,2026-07-23 19:00:00+00:00,18.322,33.005,265.897,3.524,5.529,40.865,3.306,10.353,38.924,38.153,59.31,1009.644,4.747,89.66,6.125,0.0,0.0,48.298,10248.01,30.786,Clear,2005.312,68.0,pm2_5,68.0,31.0,19.0,2.0,1.0,2.0
karachi_pakistan,Karachi,Pakistan,24.861,67.001,Asia/Karachi,sample,2026-07-24 13:46:19.719188+00:00,1.0.0,2026-07-23 20:00:00+00:00,22.273,43.296,322.573,8.701,11.405,32.657,11.535,9.794,38.267,37.398,62.396,1008.573,5.285,179.341,6.333,0.0,0.0,61.967,9588.306,30.747,Clouds,1724.308,75.0,pm2_5,75.0,40.0,15.0,6.0,6.0,2.0
karachi_pakistan,Karachi,Pakistan,24.861,67.001,Asia/Karachi,sample,2026-07-24 13:46:19.719188+00:00,1.0.0,2026-07-23 21:00:00+00:00,19.028,33.635,272.073,5.817,9.436,27.926,6.587,8.438,40.284,39.556,54.856,1006.918,4.462,213.444,5.446,0.0,0.0,69.904,9380.807,31.255,Clouds,2031.016,69.0,pm2_5,69.0,31.0,13.0,5.0,3.0,2.0
karachi_pakistan,Karachi,Pakistan,24.861,67.001,Asia/Karachi,sample,2026-07-24 13:46:19.719188+00:00,1.0.0,2026-07-23 22:00:00+00:00,23.52,42.206,274.876,3.825,6.599,17.238,4.983,7.035,42.117,41.658,61.943,1005.491,3.226,179.679,4.345,0.0,0.0,35.088,9804.683,34.506,Clear,1832.304,78.0,pm2_5,78.0,39.0,7.0,3.0,1.0,2.0
karachi_pakistan,Karachi,Pakistan,24.861,67.001,Asia/Karachi,sample,2026-07-24 13:46:19.719188+00:00,1.0.0,2026-07-23 23:00:00+00:00,19.74,45.939,138.57,6.516,9.035,16.04,5.355,12.162,38.597,37.802,70.676,1008.003,5.037,146.182,8.539,0.0,0.0,45.123,10496.107,32.732,Clear,1418.696,71.0,pm2_5,71.0,42.0,7.0,4.0,3.0,1.0
karachi_pakistan,Karachi,Pakistan,24.861,67.001,Asia/Karachi,sample,2026-07-24 13:46:19.719188+00:00,1.0.0,2026-07-24 00:00:00+00:00,13.181,33.87,76.611,7.428,9.861,14.02,0.5,5.317,39.501,39.007,62.451,1004.733,3.405,151.267,4.541,0.0,0.0,49.931,10627.045,31.991,Clear,1627.388,58.0,pm2_5,58.0,31.0,6.0,5.0,0.0,0.0
karachi_pakistan,Karachi,Pakistan,24.861,67.001,Asia/Karachi,sample,2026-07-24 13:46:19.719188+00:00,1.0.0,2026-07-24 01:00:00+00:00,11.602,16.111,50.0,2.686,7.649,17.76,4.758,0.777,37.242,37.045,67.942,1003.154,2.003,217.351,3.086,0.0,0.0,48.517,8876.642,30.831,Clear,1293.092,56.0,pm2_5,56.0,15.0,8.0,4.0,1.0,0.0
karachi_pakistan,Karachi,Pakistan,24.861,67.001,Asia/Karachi,sample,2026-07-24 13:46:19.719188+00:00,1.0.0,2026-07-24 02:00:00+00:00,17.284,36.486,94.159,0.541,1.0,15.53,0.5,5.237,36.023,35.402,56.519,1008.313,3.954,153.336,5.734,0.0,0.0,63.906,11303.017,27.327,Clouds,1190.295,66.0,pm2_5,66.0,33.0,6.0,0.0,0.0,0.0
karachi_pakistan,Karachi,Pakistan,24.861,67.001,Asia/Karachi,sample,2026-07-24 13:46:19.719188+00:00,1.0.0,2026-07-24 03:00:00+00:00,25.131,40.876,50.0,2.061,3.323,15.933,0.5,8.615,36.328,35.851,64.911,1010.716,3.355,217.382,5.749,0.0,0.0,42.235,11050.973,29.31,Clear,1043.357,81.0,pm2_5,81.0,37.0,7.0,1.0,0.0,0.0
karachi_pakistan,Karachi,Pakistan,24.861,67.001,Asia/Karachi,sample,2026-07-24 13:46:19.719188+00:00,1.0.0,2026-07-24 04:00:00+00:00,29.725,62.764,52.262,1.7,5.311,11.013,4.927,4.198,36.008,36.056,62.881,1008.781,0.708,198.367,0.852,0.0,0.0,34.108,9703.085,28.585,Clear,1256.264,89.0,pm2_5,89.0,54.0,5.0,2.0,1.0,0.0
karachi_pakistan,Karachi,Pakistan,24.861,67.001,Asia/Karachi,sample,2026-07-24 13:46:19.719188+00:00,1.0.0,2026-07-24 05:00:00+00:00,17.611,41.022,92.758,2.729,6.119,6.627,4.723,9.708,34.502,34.484,59.435,1007.608,0.982,187.159,1.629,1.607,1.607,41.461,10551.885,26.389,Rain,898.329,67.0,pm2_5,67.0,38.0,3.0,3.0,1.0,0.0
karachi_pakistan,Karachi,Pakistan,24.861,67.001,Asia/Karachi,sample,2026-07-24 13:46:19.719188+00:00,1.0.0,2026-07-24 06:00:00+00:00,33.342,68.49,192.845,1.637,5.377,14.285,0.742,8.896,31.476,31.551,76.236,1007.479,0.768,168.86,1.356,0.751,0.751,75.11,9351.179,26.723,Rain,441.162,96.0,pm2_5,96.0,57.0,6.0,2.0,0.0,1.0
karachi_pakistan,Karachi,Pakistan,24.861,67.001,Asia/Karachi,sample,2026-07-24 13:46:19.719188+00:00,1.0.0,2026-07-24 07:00:00+00:00,47.808,89.604,191.751,3.083,4.448,6.519,6.797,9.075,30.619,30.676,67.655,1006.405,0.73,134.47,0.943,0.0,0.0,43.877,8870.598,24.15,Clear,616.57,131.0,pm2_5,131.0,68.0,3.0,2.0,3.0,1.0
karachi_pakistan,Karachi,Pakistan,24.861,67.001,Asia/Karachi,sample,2026-07-24 13:46:19.719188+00:00,1.0.0,2026-07-24 08:00:00+00:00,30.989,65.138,228.495,9.768,14.975,18.934,7.107,7.156,29.841,29.616,69.45,1007.346,2.168,204.7,3.551,0.0,0.0,39.142,10425.004,23.731,Clear,615.48,92.0,pm2_5,92.0,56.0,8.0,7.0,3.0,1.0
karachi_pakistan,Karachi,Pakistan,24.861,67.001,Asia/Karachi,sample,2026-07-24 13:46:19.719188+00:00,1.0.0,2026-07-24 09:00:00+00:00,43.116,80.423,219.494,0.515,1.0,20.909,6.15,8.438,32.095,31.575,79.937,1005.654,3.798,192.116,5.117,0.0,0.0,46.451,10101.954,28.082,Clear,616.986,120.0,pm2_5,120.0,63.0,9.0,0.0,3.0,1.0
karachi_pakistan,Karachi,Pakistan,24.861,67.001,Asia/Karachi,sample,2026-07-24 13:46:19.719188+00:00,1.0.0,2026-07-24 10:00:00+00:00,35.137,62.98,160.02,1.81,3.519,39.358,7.588,3.866,31.607,31.173,69.237,1005.626,3.208,134.617,3.809,0.0,0.0,67.013,8325.316,25.454,Clouds,740.05,99.0,pm2_5,99.0,54.0,19.0,1.0,3.0,1.0
karachi_pakistan,Karachi,Pakistan,24.861,67.001,Asia/Karachi,sample,2026-07-24 13:46:19.719188+00:00,1.0.0,2026-07-24 11:00:00+00:00,25.665,43.804,183.068,0.47,1.0,34.741,2.788,1.652,33.217,33.016,70.131,1010.97,2.057,153.853,3.211,0.0,0.0,20.65,10161.494,27.243,Clear,666.045,82.0,pm2_5,82.0,40.0,16.0,0.0,1.0,1.0
karachi_pakistan,Karachi,Pakistan,24.861,67.001,Asia/Karachi,sample,2026-07-24 13:46:19.719188+00:00,1.0.0,2026-07-24 12:00:00+00:00,18.396,20.689,143.694,2.026,3.947,52.262,0.5,1.696,31.574,31.298,69.672,1008.101,2.429,119.505,2.826,0.0,0.0,47.607,8208.484,25.509,Clear,640.391,68.0,pm2_5,68.0,19.0,24.0,2.0,0.0,1.0
karachi_pakistan,Karachi,Pakistan,24.861,67.001,Asia/Karachi,sample,2026-07-24 13:46:19.719188+00:00,1.0.0,2026-07-24 13:00:00+00:00,40.128,59.487,141.863,1.926,4.371,66.956,4.242,0.5,34.726,34.713,60.063,1002.951,0.968,67.226,1.667,0.0,0.0,48.859,10302.829,26.739,Clear,573.295,112.0,pm2_5,112.0,53.0,31.0,2.0,1.0,1.0
